{"cameraMode":{"drawMode":0,"name":"Shaded","section":"Shading Mode"},"sceneLighting":true,"audioPlay":false,"sceneViewState":{"m_AlwaysRefresh":false,"showFog":true,"showSkybox":true,"showFlares":true,"showImageEffects":true,"showParticleSystems":true,"showVisualEffectGraphs":true,"m_FxEnabled":true},"in2DMode":false,"pivot":{"x":-26.30303955078125,"y":19.696487426757814,"z":-40.353111267089847},"rotation":{"x":-0.021106896921992303,"y":0.9603069424629211,"z":-0.2676444947719574,"w":-0.07573159039020539},"size":69.97994995117188,"orthographic":false}