{"cameraMode":{"drawMode":0,"name":"Shaded","section":"Shading Mode"},"sceneLighting":true,"audioPlay":false,"sceneViewState":{"m_AlwaysRefresh":false,"showFog":true,"showSkybox":true,"showFlares":true,"showImageEffects":true,"showParticleSystems":true,"showVisualEffectGraphs":true,"m_FxEnabled":true},"in2DMode":false,"pivot":{"x":65.38250732421875,"y":-6.117656707763672,"z":-19.613765716552736},"rotation":{"x":0.015209881588816643,"y":0.9625055193901062,"z":-0.2651482820510864,"w":0.05521279200911522},"size":44.663612365722659,"orthographic":false}